id,product_name,provide_cd,product_overview
1001,Margherita,1,
1002,Marinara,1,
1003,Quattro Formaggi,1,
1004,Boscaiola,1,
1005,Siciliana,1,
1006,Pescatore,1,
1007,Genovese,1,
1008,Green tea,2,
1009,Black tea,2,
1010,Coffee,2,
1011,Coke,2,
1012,Beer,2,
1013,Oolong tea,2,
1014,Ginger ale,2,
1015,Chicken wings,2,
1016,Garlic bread,2,
1017,Fries,2,
1018,Pepperoni,3,
1019,Mushrooms,3,
1020,Bell peppers,3,
1021,Onions,3,
1022,Olives,3,
1023,Sausage,3,
1024,Monterey Jack cheese,3,
1025,Cheddar cheese,3,
1026,Tomatoes,3,
1027,Bacon,3,
